INSERT INTO role VALUES (1, 'ROLE_USER');
INSERT INTO role VALUES (2, 'ROLE_MANAGER');
INSERT INTO role VALUES (3, 'ROLE_ADMIN');

INSERT INTO user (id, first_name, last_name, username, password, email, phone) VALUES (1, 'Admin', 'Account', 'admin', '$2a$10$s1fmnDqE9kYXOE6mid7IJ.tqzOQ/mDMvdbhKdm77NV25OgZ7t.kUa', 'admin123@o2.com', 999888777);
INSERT INTO user (id, first_name, last_name, username, password, email, phone) VALUES (2, 'Manager', 'Account', 'manager', '$2a$10$.AGeULinzfBhNsNxbl4nwOCDysbPZVSRC617jGxJtsWuXld8nlVyG', 'manager123@o2.com', 786403880);
INSERT INTO user (id, first_name, last_name, username, password, email, phone) VALUES (3, 'User', 'Account', 'user', '$2a$10$CKST7pzGTBUWSz3pQUbFHO/8Dkj.pXlUr00sNGO39Z2YpzsGu5kJO', 'user123@o2.com', 687003254);

INSERT INTO user_role VALUES (1,1), (1,2), (1,3), (2,1), (2,2), (3,1);

INSERT INTO car_package (id, package_name, price_per_hour) VALUES (1, 'Ordinary', 100);
INSERT INTO car_package (id, package_name, price_per_hour) VALUES (2, 'Sporty', 300);
INSERT INTO car_package (id, package_name, price_per_hour) VALUES (3, 'Luxury', 500);

INSERT INTO car_parameters (id, fuel_type, gear_box_type, number_of_doors, number_of_seats, is_air_conditioning_available) VALUES (1, 'PETROL', 'MANUAL', 3, 4, false);
INSERT INTO car (id, registration_nr, brand, model, is_available, car_package_id, car_parameters_id) VALUES (1, 'WRU98543', 'Ford', 'Fiesta', true, 1, 1);
INSERT INTO car_parameters (id, fuel_type, gear_box_type, number_of_doors, number_of_seats, is_air_conditioning_available) VALUES (2, 'LPG', 'MANUAL', 3, 4, true);
INSERT INTO car (id, registration_nr, brand, model, is_available, car_package_id, car_parameters_id) VALUES (2, 'HYT65784', 'Volkswagen', 'Polo', true, 1, 2);
INSERT INTO car_parameters (id, fuel_type, gear_box_type, number_of_doors, number_of_seats, is_air_conditioning_available) VALUES (3, 'PETROL', 'MANUAL', 3, 5, false);
INSERT INTO car (id, registration_nr, brand, model, is_available, car_package_id, car_parameters_id) VALUES (3, 'OPR76859', 'Peugeot', '206', true, 1, 3);
INSERT INTO car_parameters (id, fuel_type, gear_box_type, number_of_doors, number_of_seats, is_air_conditioning_available) VALUES (4, 'LPG', 'MANUAL', 5, 5, false);
INSERT INTO car (id, registration_nr, brand, model, is_available, car_package_id, car_parameters_id) VALUES (4, 'ORR75642', 'Skoda', 'Fabia', false, 1, 4);
INSERT INTO car_parameters (id, fuel_type, gear_box_type, number_of_doors, number_of_seats, is_air_conditioning_available) VALUES (5, 'DIESEL', 'MANUAL', 3, 5, false);
INSERT INTO car (id, registration_nr, brand, model, is_available, car_package_id, car_parameters_id) VALUES (5, 'RRT65748', 'Fiat', 'Stilo', true, 1, 5);
INSERT INTO car_parameters (id, fuel_type, gear_box_type, number_of_doors, number_of_seats, is_air_conditioning_available) VALUES (6, 'PETROL', 'AUTOMATIC', 3, 5, true);
INSERT INTO car (id, registration_nr, brand, model, is_available, car_package_id, car_parameters_id) VALUES (6, 'RZ54657', 'Toyota', 'Yaris', false, 1, 6);
INSERT INTO car_parameters (id, fuel_type, gear_box_type, number_of_doors, number_of_seats, is_air_conditioning_available) VALUES (7, 'PETROL', 'MANUAL', 3, 5, true);
INSERT INTO car (id, registration_nr, brand, model, is_available, car_package_id, car_parameters_id) VALUES (7, 'WWR56443', 'Renault', 'Clio', false, 1, 7);
INSERT INTO car_parameters (id, fuel_type, gear_box_type, number_of_doors, number_of_seats, is_air_conditioning_available) VALUES (8, 'DIESEL', 'AUTOMATIC', 3, 5, true);
INSERT INTO car (id, registration_nr, brand, model, is_available, car_package_id, car_parameters_id) VALUES (8, 'WOP09786', 'Audi', 'A3', true, 1, 8);
INSERT INTO car_parameters (id, fuel_type, gear_box_type, number_of_doors, number_of_seats, is_air_conditioning_available) VALUES (9, 'LPG', 'MANUAL', 5, 5, true);
INSERT INTO car (id, registration_nr, brand, model, is_available, car_package_id, car_parameters_id) VALUES (9, 'LOI86754', 'Kia', 'Rio', true, 1, 9);
INSERT INTO car_parameters (id, fuel_type, gear_box_type, number_of_doors, number_of_seats, is_air_conditioning_available) VALUES (10, 'DIESEL', 'AUTOMATIC', 5, 5, false);
INSERT INTO car (id, registration_nr, brand, model, is_available, car_package_id, car_parameters_id) VALUES (10, 'POU87777', 'Nissan', 'Qashqai', true, 1, 10);
INSERT INTO car_parameters (id, fuel_type, gear_box_type, number_of_doors, number_of_seats, is_air_conditioning_available) VALUES (11, 'DIESEL', 'MANUAL', 5, 5, true);
INSERT INTO car (id, registration_nr, brand, model, is_available, car_package_id, car_parameters_id) VALUES (11, 'HGF65748', 'Citroen', 'C4', true, 1, 11);
INSERT INTO car_parameters (id, fuel_type, gear_box_type, number_of_doors, number_of_seats, is_air_conditioning_available) VALUES (12, 'PETROL', 'MANUAL', 5, 5, true);
INSERT INTO car (id, registration_nr, brand, model, is_available, car_package_id, car_parameters_id) VALUES (12, 'OIU75843', 'Peugeot', '308', true, 1, 12);
INSERT INTO car_parameters (id, fuel_type, gear_box_type, number_of_doors, number_of_seats, is_air_conditioning_available) VALUES (13, 'LPG', 'MANUAL', 5, 5, true);
INSERT INTO car (id, registration_nr, brand, model, is_available, car_package_id, car_parameters_id) VALUES (13, 'RRE65743', 'Seat', 'Leon', false, 1, 13);
INSERT INTO car_parameters (id, fuel_type, gear_box_type, number_of_doors, number_of_seats, is_air_conditioning_available) VALUES (14, 'LPG', 'MANUAL', 3, 5, true);
INSERT INTO car (id, registration_nr, brand, model, is_available, car_package_id, car_parameters_id) VALUES (14, 'TTR76859', 'Hyundai', 'I30', true, 1, 14);
INSERT INTO car_parameters (id, fuel_type, gear_box_type, number_of_doors, number_of_seats, is_air_conditioning_available) VALUES (15, 'DIESEL', 'MANUAL', 5, 5, true);
INSERT INTO car (id, registration_nr, brand, model, is_available, car_package_id, car_parameters_id) VALUES (15, 'PPE76859', 'Toyota', 'Corolla', true, 1, 15);
INSERT INTO car_parameters (id, fuel_type, gear_box_type, number_of_doors, number_of_seats, is_air_conditioning_available) VALUES (16, 'DIESEL', 'MANUAL', 5, 5, true);
INSERT INTO car (id, registration_nr, brand, model, is_available, car_package_id, car_parameters_id) VALUES (16, 'WWA76859', 'Mazda', '3', true, 1, 16);
INSERT INTO car_parameters (id, fuel_type, gear_box_type, number_of_doors, number_of_seats, is_air_conditioning_available) VALUES (17, 'DIESEL', 'MANUAL', 5, 5, false);
INSERT INTO car (id, registration_nr, brand, model, is_available, car_package_id, car_parameters_id) VALUES (17, 'EER77766', 'Skoda', 'Octavia', false, 1, 17);
INSERT INTO car_parameters (id, fuel_type, gear_box_type, number_of_doors, number_of_seats, is_air_conditioning_available) VALUES (18, 'PETROL', 'MANUAL', 4, 5, true);
INSERT INTO car (id, registration_nr, brand, model, is_available, car_package_id, car_parameters_id) VALUES (18, 'EET76009', 'Honda', 'Civic', true, 1, 18);
INSERT INTO car_parameters (id, fuel_type, gear_box_type, number_of_doors, number_of_seats, is_air_conditioning_available) VALUES (19, 'LPG', 'AUTOMATIC', 5, 4, true);
INSERT INTO car (id, registration_nr, brand, model, is_available, car_package_id, car_parameters_id) VALUES (19, 'QQU76856', 'Nissan', 'Pulsar', true, 1, 19);
INSERT INTO car_parameters (id, fuel_type, gear_box_type, number_of_doors, number_of_seats, is_air_conditioning_available) VALUES (20, 'PETROL', 'AUTOMATIC', 3, 4, true);
INSERT INTO car (id, registration_nr, brand, model, is_available, car_package_id, car_parameters_id) VALUES (20, 'WER56676', 'Volkswagen', 'Beetle', false, 1, 20);
INSERT INTO car_parameters (id, fuel_type, gear_box_type, number_of_doors, number_of_seats, is_air_conditioning_available) VALUES (21, 'PETROL', 'MANUAL', 5, 4, true);
INSERT INTO car (id, registration_nr, brand, model, is_available, car_package_id, car_parameters_id) VALUES (21, 'JUY76855', 'Lancia', 'Delta', false, 1, 21);
INSERT INTO car_parameters (id, fuel_type, gear_box_type, number_of_doors, number_of_seats, is_air_conditioning_available) VALUES (22, 'LPG', 'MANUAL', 3, 4, true);
INSERT INTO car (id, registration_nr, brand, model, is_available, car_package_id, car_parameters_id) VALUES (22, 'POI86754', 'Fiat', 'Tipo', true, 1, 22);
INSERT INTO car_parameters (id, fuel_type, gear_box_type, number_of_doors, number_of_seats, is_air_conditioning_available) VALUES (23, 'DIESEL', 'AUTOMATIC', 5, 5, true);
INSERT INTO car (id, registration_nr, brand, model, is_available, car_package_id, car_parameters_id) VALUES (23, 'KJU75865', 'Subaru', 'Forester', true, 1, 23);
INSERT INTO car_parameters (id, fuel_type, gear_box_type, number_of_doors, number_of_seats, is_air_conditioning_available) VALUES (24, 'LPG', 'AUTOMATIC', 5, 5, true);
INSERT INTO car (id, registration_nr, brand, model, is_available, car_package_id, car_parameters_id) VALUES (24, 'JJY00033', 'Hyundai', 'Tucson', true, 1, 24);
INSERT INTO car_parameters (id, fuel_type, gear_box_type, number_of_doors, number_of_seats, is_air_conditioning_available) VALUES (25, 'PETROL', 'AUTOMATIC', 3, 4, true);
INSERT INTO car (id, registration_nr, brand, model, is_available, car_package_id, car_parameters_id) VALUES (25, 'BBR56768', 'Volkswagen', 'Beetle', false, 1, 25);
INSERT INTO car_parameters (id, fuel_type, gear_box_type, number_of_doors, number_of_seats, is_air_conditioning_available) VALUES (26, 'PETROL', 'AUTOMATIC', 2, 4, true);
INSERT INTO car (id, registration_nr, brand, model, is_available, car_package_id, car_parameters_id) VALUES (26, 'UUT97865', 'Porsche', '911 4S', false, 2, 26);
INSERT INTO car_parameters (id, fuel_type, gear_box_type, number_of_doors, number_of_seats, is_air_conditioning_available) VALUES (27, 'PETROL', 'AUTOMATIC', 2, 2, true);
INSERT INTO car (id, registration_nr, brand, model, is_available, car_package_id, car_parameters_id) VALUES (27, 'WWP00987', 'Lamborghini', 'Huracan', false, 2, 27);
INSERT INTO car_parameters (id, fuel_type, gear_box_type, number_of_doors, number_of_seats, is_air_conditioning_available) VALUES (28, 'PETROL', 'AUTOMATIC', 3, 4, true);
INSERT INTO car (id, registration_nr, brand, model, is_available, car_package_id, car_parameters_id) VALUES (28, 'FFY76856', 'Ford', 'Mustang', true, 2, 28);
INSERT INTO car_parameters (id, fuel_type, gear_box_type, number_of_doors, number_of_seats, is_air_conditioning_available) VALUES (29, 'PETROL', 'AUTOMATIC', 2, 4, true);
INSERT INTO car (id, registration_nr, brand, model, is_available, car_package_id, car_parameters_id) VALUES (29, 'CCY65743', 'Porsche', '911 Turbo', false, 2, 29);
INSERT INTO car_parameters (id, fuel_type, gear_box_type, number_of_doors, number_of_seats, is_air_conditioning_available) VALUES (30, 'PETROL', 'AUTOMATIC', 3, 2, true);
INSERT INTO car (id, registration_nr, brand, model, is_available, car_package_id, car_parameters_id) VALUES (30, 'WWT65756', 'Toyota', 'Supra', true, 2, 30);
INSERT INTO car_parameters (id, fuel_type, gear_box_type, number_of_doors, number_of_seats, is_air_conditioning_available) VALUES (31, 'ELECTRIC', 'AUTOMATIC', 5, 4, true);
INSERT INTO car (id, registration_nr, brand, model, is_available, car_package_id, car_parameters_id) VALUES (31, 'YYT65743', 'Porsche', 'Taycan', true, 2, 31);
INSERT INTO car_parameters (id, fuel_type, gear_box_type, number_of_doors, number_of_seats, is_air_conditioning_available) VALUES (32, 'PETROL', 'AUTOMATIC', 2, 2, true);
INSERT INTO car (id, registration_nr, brand, model, is_available, car_package_id, car_parameters_id) VALUES (32, 'RRO98000', 'Lamborghini', 'Murcielago', false, 2, 32);
INSERT INTO car_parameters (id, fuel_type, gear_box_type, number_of_doors, number_of_seats, is_air_conditioning_available) VALUES (33, 'PETROL', 'MANUAL', 2, 2, true);
INSERT INTO car (id, registration_nr, brand, model, is_available, car_package_id, car_parameters_id) VALUES (33, 'RTY65443', 'Audi', 'R8', true, 2, 33);
INSERT INTO car_parameters (id, fuel_type, gear_box_type, number_of_doors, number_of_seats, is_air_conditioning_available) VALUES (34, 'PETROL', 'AUTOMATIC', 2, 4, true);
INSERT INTO car (id, registration_nr, brand, model, is_available, car_package_id, car_parameters_id) VALUES (34, 'SSE46574', 'Dodge', 'Challenger', true, 2, 34);
INSERT INTO car_parameters (id, fuel_type, gear_box_type, number_of_doors, number_of_seats, is_air_conditioning_available) VALUES (35, 'PETROL', 'AUTOMATIC', 2, 2, true);
INSERT INTO car (id, registration_nr, brand, model, is_available, car_package_id, car_parameters_id) VALUES (35, 'SOI87795', 'Chevrolet', 'Camaro', false, 2, 35);
INSERT INTO car_parameters (id, fuel_type, gear_box_type, number_of_doors, number_of_seats, is_air_conditioning_available) VALUES (36, 'PETROL', 'AUTOMATIC', 2, 2, true);
INSERT INTO car (id, registration_nr, brand, model, is_available, car_package_id, car_parameters_id) VALUES (36, 'KUI86675', 'McLaren', '720S', false, 2, 36);
INSERT INTO car_parameters (id, fuel_type, gear_box_type, number_of_doors, number_of_seats, is_air_conditioning_available) VALUES (37, 'PETROL', 'AUTOMATIC', 5, 5, true);
INSERT INTO car (id, registration_nr, brand, model, is_available, car_package_id, car_parameters_id) VALUES (37, 'KPM86975', 'BMW', 'M5', true, 2, 37);
INSERT INTO car_parameters (id, fuel_type, gear_box_type, number_of_doors, number_of_seats, is_air_conditioning_available) VALUES (38, 'PETROL', 'AUTOMATIC', 5, 5, true);
INSERT INTO car (id, registration_nr, brand, model, is_available, car_package_id, car_parameters_id) VALUES (38, 'ASP65768', 'Audi', 'RS6', true, 2, 38);
INSERT INTO car_parameters (id, fuel_type, gear_box_type, number_of_doors, number_of_seats, is_air_conditioning_available) VALUES (39, 'PETROL', 'AUTOMATIC', 3, 4, true);
INSERT INTO car (id, registration_nr, brand, model, is_available, car_package_id, car_parameters_id) VALUES (39, 'SDD08900', 'BMW', '435I', true, 2, 39);
INSERT INTO car_parameters (id, fuel_type, gear_box_type, number_of_doors, number_of_seats, is_air_conditioning_available) VALUES (40, 'PETROL', 'AUTOMATIC', 5, 5, true);
INSERT INTO car (id, registration_nr, brand, model, is_available, car_package_id, car_parameters_id) VALUES (40, 'MNO98768', 'Audi', 'S7', true, 2, 40);
INSERT INTO car_parameters (id, fuel_type, gear_box_type, number_of_doors, number_of_seats, is_air_conditioning_available) VALUES (41, 'PETROL', 'AUTOMATIC', 5, 4, true);
INSERT INTO car (id, registration_nr, brand, model, is_available, car_package_id, car_parameters_id) VALUES (41, 'KKY76876', 'Mercedes', 'S500', true, 3, 41);
INSERT INTO car_parameters (id, fuel_type, gear_box_type, number_of_doors, number_of_seats, is_air_conditioning_available) VALUES (42, 'ELECTRIC', 'AUTOMATIC', 5, 5, true);
INSERT INTO car (id, registration_nr, brand, model, is_available, car_package_id, car_parameters_id) VALUES (42, 'RRE56475', 'Tesla', 'Model S', true, 3, 42);
INSERT INTO car_parameters (id, fuel_type, gear_box_type, number_of_doors, number_of_seats, is_air_conditioning_available) VALUES (43, 'PETROL', 'AUTOMATIC', 5, 4, true);
INSERT INTO car (id, registration_nr, brand, model, is_available, car_package_id, car_parameters_id) VALUES (43, 'WWR57688', 'BMW', '760LI', true, 3, 43);
INSERT INTO car_parameters (id, fuel_type, gear_box_type, number_of_doors, number_of_seats, is_air_conditioning_available) VALUES (44, 'PETROL', 'AUTOMATIC', 5, 5, true);
INSERT INTO car (id, registration_nr, brand, model, is_available, car_package_id, car_parameters_id) VALUES (44, 'WPO97866', 'Maserati', 'Quattroporte', false, 3, 44);
INSERT INTO car_parameters (id, fuel_type, gear_box_type, number_of_doors, number_of_seats, is_air_conditioning_available) VALUES (45, 'PETROL', 'AUTOMATIC', 5, 4, true);
INSERT INTO car (id, registration_nr, brand, model, is_available, car_package_id, car_parameters_id) VALUES (45, 'RTT65768', 'Audi', 'A8', true, 3, 45);
INSERT INTO car_parameters (id, fuel_type, gear_box_type, number_of_doors, number_of_seats, is_air_conditioning_available) VALUES (46, 'PETROL', 'AUTOMATIC', 5, 7, true);
INSERT INTO car (id, registration_nr, brand, model, is_available, car_package_id, car_parameters_id) VALUES (46, 'RSA00897', 'BMW', 'X7', true, 3, 46);
INSERT INTO car_parameters (id, fuel_type, gear_box_type, number_of_doors, number_of_seats, is_air_conditioning_available) VALUES (47, 'PETROL', 'AUTOMATIC', 5, 5, true);
INSERT INTO car (id, registration_nr, brand, model, is_available, car_package_id, car_parameters_id) VALUES (47, 'RKR65765', 'Bentley', 'Bentayga', true, 3, 47);
INSERT INTO car_parameters (id, fuel_type, gear_box_type, number_of_doors, number_of_seats, is_air_conditioning_available) VALUES (48, 'ELECTRIC', 'AUTOMATIC', 5, 5, true);
INSERT INTO car (id, registration_nr, brand, model, is_available, car_package_id, car_parameters_id) VALUES (48, 'FFD98076', 'Audi', 'E-Tron', true, 3, 48);
INSERT INTO car_parameters (id, fuel_type, gear_box_type, number_of_doors, number_of_seats, is_air_conditioning_available) VALUES (49, 'PETROL', 'AUTOMATIC', 5, 5, true);
INSERT INTO car (id, registration_nr, brand, model, is_available, car_package_id, car_parameters_id) VALUES (49, 'PRO00988', 'Mercedes', 'E450', false, 3, 49);
INSERT INTO car_parameters (id, fuel_type, gear_box_type, number_of_doors, number_of_seats, is_air_conditioning_available) VALUES (50, 'PETROL', 'AUTOMATIC', 5, 5, true);
INSERT INTO car (id, registration_nr, brand, model, is_available, car_package_id, car_parameters_id) VALUES (50, 'EEG76855', 'Mercedes', 'GLE Coupe', true, 3, 50);